INSERT INTO shops (owner_id, name, information, filename, is_selling) VALUES
(1, 'owner1-shop', 'owner1-shopの情報が入ります', 'shop1.jpg', 1),
(2, 'owner2-shop', 'owner2-shopの情報が入ります', 'shop2.jpg', 1),
(3, 'owner3-shop', 'owner3-shopの情報が入ります', 'shop3.jpg', 1),
(4, 'owner4-shop', 'owner4-shopの情報が入ります', 'shop4.jpg', 1),
(5, 'owner5-shop', 'owner5-shopの情報が入ります', 'shop5.jpg', 1);
INSERT INTO categories (name, slug) VALUES
('マグカップ', 'mug'),
('タオル', 'towel');
INSERT INTO sub_categories (category_id, name, slug) VALUES
(1, 'デザイン', 'design'),
(1, '素材', 'material'),
(1, 'サイズ', 'size'),
(2, '用途', 'use'),
(2, '素材', 'material'),
(2, 'カラー', 'color');
INSERT INTO item_categories (sub_category_id, name, slug) VALUES
(1, '北欧風', 'Scandinavian'),
(1, '和モダン', 'wamodan'),
(1, 'キャラクター', 'character'),
(2, '陶器', 'pottery'),
(2, '磁器', 'porcelain'),
(2, 'ガラス', 'glass'),
(2, 'ステンレス', 'stainless'),
(3, '小さめ（〜250ml）', 'small'),
(3, '大きめ（350ml〜）', 'large'),
(4, 'フェイスタオル', 'facetowel'),
(4, 'バスタオル', 'bathtowel'),
(4, 'ハンドタオル', 'handtowel'),
(5, '綿100％', 'cotton'),
(5, '今治産',  'imabari'),
(5, 'オーガニック', 'organic'),
(6, 'ホワイト', 'white'),
(6, 'グレー', 'gray'),
(6, 'カラフル', 'colorful');
INSERT INTO items (shop_id, item_category_id, name, information, price, is_selling) VALUES
(1, 12, 'ダミー商品1', 'これはダミー商品1の商品情報です。これはダミー商品1の商品情報です。\nこれはダミー商品1の商品情報です。', 1090.00, 1),
(4, 13, 'ダミー商品2', 'これはダミー商品2の商品情報です。これはダミー商品2の商品情報です。\nこれはダミー商品2の商品情報です。', 2860.00, 1),
(4, 2, 'ダミー商品3', 'これはダミー商品3の商品情報です。これはダミー商品3の商品情報です。\nこれはダミー商品3の商品情報です。', 2910.00, 1),
(4, 1, 'ダミー商品4', 'これはダミー商品4の商品情報です。これはダミー商品4の商品情報です。\nこれはダミー商品4の商品情報です。', 900.00, 1),
(4, 14, 'ダミー商品5', 'これはダミー商品5の商品情報です。これはダミー商品5の商品情報です。\nこれはダミー商品5の商品情報です。', 2410.00, 1),
(5, 6, 'ダミー商品6', 'これはダミー商品6の商品情報です。これはダミー商品6の商品情報です。\nこれはダミー商品6の商品情報です。', 1380.00, 1),
(3, 15, 'ダミー商品7', 'これはダミー商品7の商品情報です。これはダミー商品7の商品情報です。\nこれはダミー商品7の商品情報です。', 1680.00, 1),
(5, 8, 'ダミー商品8', 'これはダミー商品8の商品情報です。これはダミー商品8の商品情報です。\nこれはダミー商品8の商品情報です。', 1270.00, 1),
(2, 17, 'ダミー商品9', 'これはダミー商品9の商品情報です。これはダミー商品9の商品情報です。\nこれはダミー商品9の商品情報です。', 2670.00, 1),
(3, 13, 'ダミー商品10', 'これはダミー商品10の商品情報です。これはダミー商品10の商品情報です。\nこれはダミー商品10の商品情報です。', 2950.00, 1),
(1, 5, 'ダミー商品11', 'これはダミー商品11の商品情報です。これはダミー商品11の商品情報です。\nこれはダミー商品11の商品情報です。', 1110.00, 1),
(5, 17, 'ダミー商品12', 'これはダミー商品12の商品情報です。これはダミー商品12の商品情報です。\nこれはダミー商品12の商品情報です。', 870.00, 1),
(3, 10, 'ダミー商品13', 'これはダミー商品13の商品情報です。これはダミー商品13の商品情報です。\nこれはダミー商品13の商品情報です。', 830.00, 1),
(3, 6, 'ダミー商品14', 'これはダミー商品14の商品情報です。これはダミー商品14の商品情報です。\nこれはダミー商品14の商品情報です。', 890.00, 1),
(4, 1, 'ダミー商品15', 'これはダミー商品15の商品情報です。これはダミー商品15の商品情報です。\nこれはダミー商品15の商品情報です。', 1580.00, 1),
(4, 1, 'ダミー商品16', 'これはダミー商品16の商品情報です。これはダミー商品16の商品情報です。\nこれはダミー商品16の商品情報です。', 2190.00, 1),
(4, 1, 'ダミー商品17', 'これはダミー商品17の商品情報です。これはダミー商品17の商品情報です。\nこれはダミー商品17の商品情報です。', 1320.00, 1),
(3, 10, 'ダミー商品18', 'これはダミー商品18の商品情報です。これはダミー商品18の商品情報です。\nこれはダミー商品18の商品情報です。', 1560.00, 1),
(2, 13, 'ダミー商品19', 'これはダミー商品19の商品情報です。これはダミー商品19の商品情報です。\nこれはダミー商品19の商品情報です。', 1440.00, 1),
(4, 6, 'ダミー商品20', 'これはダミー商品20の商品情報です。これはダミー商品20の商品情報です。\nこれはダミー商品20の商品情報です。', 2140.00, 1),
(4, 10, 'ダミー商品21', 'これはダミー商品21の商品情報です。これはダミー商品21の商品情報です。\nこれはダミー商品21の商品情報です。', 1900.00, 1),
(1, 7, 'ダミー商品22', 'これはダミー商品22の商品情報です。これはダミー商品22の商品情報です。\nこれはダミー商品22の商品情報です。', 2410.00, 1),
(5, 14, 'ダミー商品23', 'これはダミー商品23の商品情報です。これはダミー商品23の商品情報です。\nこれはダミー商品23の商品情報です。', 1970.00, 1),
(2, 6, 'ダミー商品24', 'これはダミー商品24の商品情報です。これはダミー商品24の商品情報です。\nこれはダミー商品24の商品情報です。', 2750.00, 1),
(2, 8, 'ダミー商品25', 'これはダミー商品25の商品情報です。これはダミー商品25の商品情報です。\nこれはダミー商品25の商品情報です。', 940.00, 1),
(1, 10, 'ダミー商品26', 'これはダミー商品26の商品情報です。これはダミー商品26の商品情報です。\nこれはダミー商品26の商品情報です。', 1870.00, 1),
(4, 14, 'ダミー商品27', 'これはダミー商品27の商品情報です。これはダミー商品27の商品情報です。\nこれはダミー商品27の商品情報です。', 2640.00, 1),
(5, 9, 'ダミー商品28', 'これはダミー商品28の商品情報です。これはダミー商品28の商品情報です。\nこれはダミー商品28の商品情報です。', 2090.00, 1),
(1, 14, 'ダミー商品29', 'これはダミー商品29の商品情報です。これはダミー商品29の商品情報です。\nこれはダミー商品29の商品情報です。', 810.00, 1),
(5, 8, 'ダミー商品30', 'これはダミー商品30の商品情報です。これはダミー商品30の商品情報です。\nこれはダミー商品30の商品情報です。', 1120.00, 1),
(4, 3, 'ダミー商品31', 'これはダミー商品31の商品情報です。これはダミー商品31の商品情報です。\nこれはダミー商品31の商品情報です。', 1700.00, 1),
(2, 16, 'ダミー商品32', 'これはダミー商品32の商品情報です。これはダミー商品32の商品情報です。\nこれはダミー商品32の商品情報です。', 1270.00, 1),
(1, 9, 'ダミー商品33', 'これはダミー商品33の商品情報です。これはダミー商品33の商品情報です。\nこれはダミー商品33の商品情報です。', 2140.00, 1),
(5, 8, 'ダミー商品34', 'これはダミー商品34の商品情報です。これはダミー商品34の商品情報です。\nこれはダミー商品34の商品情報です。', 1060.00, 1),
(1, 15, 'ダミー商品35', 'これはダミー商品35の商品情報です。これはダミー商品35の商品情報です。\nこれはダミー商品35の商品情報です。', 1330.00, 1),
(2, 13, 'ダミー商品36', 'これはダミー商品36の商品情報です。これはダミー商品36の商品情報です。\nこれはダミー商品36の商品情報です。', 2730.00, 1),
(2, 5, 'ダミー商品37', 'これはダミー商品37の商品情報です。これはダミー商品37の商品情報です。\nこれはダミー商品37の商品情報です。', 1660.00, 1),
(5, 13, 'ダミー商品38', 'これはダミー商品38の商品情報です。これはダミー商品38の商品情報です。\nこれはダミー商品38の商品情報です。', 1630.00, 1),
(4, 9, 'ダミー商品39', 'これはダミー商品39の商品情報です。これはダミー商品39の商品情報です。\nこれはダミー商品39の商品情報です。', 1070.00, 1),
(5, 6, 'ダミー商品40', 'これはダミー商品40の商品情報です。これはダミー商品40の商品情報です。\nこれはダミー商品40の商品情報です。', 1730.00, 1),
(3, 17, 'ダミー商品41', 'これはダミー商品41の商品情報です。これはダミー商品41の商品情報です。\nこれはダミー商品41の商品情報です。', 1240.00, 1),
(2, 2, 'ダミー商品42', 'これはダミー商品42の商品情報です。これはダミー商品42の商品情報です。\nこれはダミー商品42の商品情報です。', 2820.00, 1),
(1, 15, 'ダミー商品43', 'これはダミー商品43の商品情報です。これはダミー商品43の商品情報です。\nこれはダミー商品43の商品情報です。', 1080.00, 1),
(2, 14, 'ダミー商品44', 'これはダミー商品44の商品情報です。これはダミー商品44の商品情報です。\nこれはダミー商品44の商品情報です。', 2510.00, 1),
(4, 1, 'ダミー商品45', 'これはダミー商品45の商品情報です。これはダミー商品45の商品情報です。\nこれはダミー商品45の商品情報です。', 2800.00, 1),
(4, 11, 'ダミー商品46', 'これはダミー商品46の商品情報です。これはダミー商品46の商品情報です。\nこれはダミー商品46の商品情報です。', 1240.00, 1),
(4, 10, 'ダミー商品47', 'これはダミー商品47の商品情報です。これはダミー商品47の商品情報です。\nこれはダミー商品47の商品情報です。', 2660.00, 1),
(4, 18, 'ダミー商品48', 'これはダミー商品48の商品情報です。これはダミー商品48の商品情報です。\nこれはダミー商品48の商品情報です。', 2900.00, 1),
(5, 4, 'ダミー商品49', 'これはダミー商品49の商品情報です。これはダミー商品49の商品情報です。\nこれはダミー商品49の商品情報です。', 1110.00, 1),
(5, 18, 'ダミー商品50', 'これはダミー商品50の商品情報です。これはダミー商品50の商品情報です。\nこれはダミー商品50の商品情報です。', 2150.00, 1),
(1, 6, 'ダミー商品51', 'これはダミー商品51の商品情報です。これはダミー商品51の商品情報です。\nこれはダミー商品51の商品情報です。', 1370.00, 1),
(3, 12, 'ダミー商品52', 'これはダミー商品52の商品情報です。これはダミー商品52の商品情報です。\nこれはダミー商品52の商品情報です。', 990.00, 1),
(3, 18, 'ダミー商品53', 'これはダミー商品53の商品情報です。これはダミー商品53の商品情報です。\nこれはダミー商品53の商品情報です。', 1660.00, 1),
(4, 9, 'ダミー商品54', 'これはダミー商品54の商品情報です。これはダミー商品54の商品情報です。\nこれはダミー商品54の商品情報です。', 2300.00, 1),
(4, 14, 'ダミー商品55', 'これはダミー商品55の商品情報です。これはダミー商品55の商品情報です。\nこれはダミー商品55の商品情報です。', 2360.00, 1),
(5, 11, 'ダミー商品56', 'これはダミー商品56の商品情報です。これはダミー商品56の商品情報です。\nこれはダミー商品56の商品情報です。', 1870.00, 1),
(4, 9, 'ダミー商品57', 'これはダミー商品57の商品情報です。これはダミー商品57の商品情報です。\nこれはダミー商品57の商品情報です。', 1180.00, 1),
(4, 17, 'ダミー商品58', 'これはダミー商品58の商品情報です。これはダミー商品58の商品情報です。\nこれはダミー商品58の商品情報です。', 810.00, 1),
(3, 18, 'ダミー商品59', 'これはダミー商品59の商品情報です。これはダミー商品59の商品情報です。\nこれはダミー商品59の商品情報です。', 2260.00, 1),
(5, 5, 'ダミー商品60', 'これはダミー商品60の商品情報です。これはダミー商品60の商品情報です。\nこれはダミー商品60の商品情報です。', 1280.00, 1),
(3, 9, 'ダミー商品61', 'これはダミー商品61の商品情報です。これはダミー商品61の商品情報です。\nこれはダミー商品61の商品情報です。', 3000.00, 1),
(4, 9, 'ダミー商品62', 'これはダミー商品62の商品情報です。これはダミー商品62の商品情報です。\nこれはダミー商品62の商品情報です。', 930.00, 1),
(5, 11, 'ダミー商品63', 'これはダミー商品63の商品情報です。これはダミー商品63の商品情報です。\nこれはダミー商品63の商品情報です。', 2700.00, 1),
(1, 10, 'ダミー商品64', 'これはダミー商品64の商品情報です。これはダミー商品64の商品情報です。\nこれはダミー商品64の商品情報です。', 850.00, 1),
(1, 7, 'ダミー商品65', 'これはダミー商品65の商品情報です。これはダミー商品65の商品情報です。\nこれはダミー商品65の商品情報です。', 2980.00, 1),
(5, 8, 'ダミー商品66', 'これはダミー商品66の商品情報です。これはダミー商品66の商品情報です。\nこれはダミー商品66の商品情報です。', 1650.00, 1),
(4, 5, 'ダミー商品67', 'これはダミー商品67の商品情報です。これはダミー商品67の商品情報です。\nこれはダミー商品67の商品情報です。', 2620.00, 1),
(5, 13, 'ダミー商品68', 'これはダミー商品68の商品情報です。これはダミー商品68の商品情報です。\nこれはダミー商品68の商品情報です。', 810.00, 1),
(3, 11, 'ダミー商品69', 'これはダミー商品69の商品情報です。これはダミー商品69の商品情報です。\nこれはダミー商品69の商品情報です。', 2290.00, 1),
(5, 2, 'ダミー商品70', 'これはダミー商品70の商品情報です。これはダミー商品70の商品情報です。\nこれはダミー商品70の商品情報です。', 2950.00, 1),
(3, 5, 'ダミー商品71', 'これはダミー商品71の商品情報です。これはダミー商品71の商品情報です。\nこれはダミー商品71の商品情報です。', 2510.00, 1),
(4, 8, 'ダミー商品72', 'これはダミー商品72の商品情報です。これはダミー商品72の商品情報です。\nこれはダミー商品72の商品情報です。', 1270.00, 1),
(1, 5, 'ダミー商品73', 'これはダミー商品73の商品情報です。これはダミー商品73の商品情報です。\nこれはダミー商品73の商品情報です。', 2280.00, 1),
(4, 12, 'ダミー商品74', 'これはダミー商品74の商品情報です。これはダミー商品74の商品情報です。\nこれはダミー商品74の商品情報です。', 2970.00, 1),
(5, 1, 'ダミー商品75', 'これはダミー商品75の商品情報です。これはダミー商品75の商品情報です。\nこれはダミー商品75の商品情報です。', 2160.00, 1),
(3, 7, 'ダミー商品76', 'これはダミー商品76の商品情報です。これはダミー商品76の商品情報です。\nこれはダミー商品76の商品情報です。', 1410.00, 1),
(1, 3, 'ダミー商品77', 'これはダミー商品77の商品情報です。これはダミー商品77の商品情報です。\nこれはダミー商品77の商品情報です。', 1150.00, 1),
(3, 13, 'ダミー商品78', 'これはダミー商品78の商品情報です。これはダミー商品78の商品情報です。\nこれはダミー商品78の商品情報です。', 1520.00, 1),
(2, 3, 'ダミー商品79', 'これはダミー商品79の商品情報です。これはダミー商品79の商品情報です。\nこれはダミー商品79の商品情報です。', 800.00, 1),
(3, 2, 'ダミー商品80', 'これはダミー商品80の商品情報です。これはダミー商品80の商品情報です。\nこれはダミー商品80の商品情報です。', 1790.00, 1),
(5, 16, 'ダミー商品81', 'これはダミー商品81の商品情報です。これはダミー商品81の商品情報です。\nこれはダミー商品81の商品情報です。', 1160.00, 1),
(3, 18, 'ダミー商品82', 'これはダミー商品82の商品情報です。これはダミー商品82の商品情報です。\nこれはダミー商品82の商品情報です。', 1840.00, 1),
(5, 8, 'ダミー商品83', 'これはダミー商品83の商品情報です。これはダミー商品83の商品情報です。\nこれはダミー商品83の商品情報です。', 1890.00, 1),
(5, 8, 'ダミー商品84', 'これはダミー商品84の商品情報です。これはダミー商品84の商品情報です。\nこれはダミー商品84の商品情報です。', 1650.00, 1),
(4, 6, 'ダミー商品85', 'これはダミー商品85の商品情報です。これはダミー商品85の商品情報です。\nこれはダミー商品85の商品情報です。', 1650.00, 1),
(2, 17, 'ダミー商品86', 'これはダミー商品86の商品情報です。これはダミー商品86の商品情報です。\nこれはダミー商品86の商品情報です。', 3000.00, 1),
(3, 3, 'ダミー商品87', 'これはダミー商品87の商品情報です。これはダミー商品87の商品情報です。\nこれはダミー商品87の商品情報です。', 1840.00, 1),
(2, 1, 'ダミー商品88', 'これはダミー商品88の商品情報です。これはダミー商品88の商品情報です。\nこれはダミー商品88の商品情報です。', 2650.00, 1),
(5, 6, 'ダミー商品89', 'これはダミー商品89の商品情報です。これはダミー商品89の商品情報です。\nこれはダミー商品89の商品情報です。', 2170.00, 1),
(2, 14, 'ダミー商品90', 'これはダミー商品90の商品情報です。これはダミー商品90の商品情報です。\nこれはダミー商品90の商品情報です。', 2720.00, 1),
(2, 2, 'ダミー商品91', 'これはダミー商品91の商品情報です。これはダミー商品91の商品情報です。\nこれはダミー商品91の商品情報です。', 3000.00, 1),
(5, 1, 'ダミー商品92', 'これはダミー商品92の商品情報です。これはダミー商品92の商品情報です。\nこれはダミー商品92の商品情報です。', 1640.00, 1),
(1, 4, 'ダミー商品93', 'これはダミー商品93の商品情報です。これはダミー商品93の商品情報です。\nこれはダミー商品93の商品情報です。', 1600.00, 1),
(1, 6, 'ダミー商品94', 'これはダミー商品94の商品情報です。これはダミー商品94の商品情報です。\nこれはダミー商品94の商品情報です。', 2600.00, 1),
(2, 15, 'ダミー商品95', 'これはダミー商品95の商品情報です。これはダミー商品95の商品情報です。\nこれはダミー商品95の商品情報です。', 1850.00, 1),
(5, 15, 'ダミー商品96', 'これはダミー商品96の商品情報です。これはダミー商品96の商品情報です。\nこれはダミー商品96の商品情報です。', 2400.00, 1),
(1, 17, 'ダミー商品97', 'これはダミー商品97の商品情報です。これはダミー商品97の商品情報です。\nこれはダミー商品97の商品情報です。', 800.00, 1),
(2, 5, 'ダミー商品98', 'これはダミー商品98の商品情報です。これはダミー商品98の商品情報です。\nこれはダミー商品98の商品情報です。', 2960.00, 1),
(2, 12, 'ダミー商品99', 'これはダミー商品99の商品情報です。これはダミー商品99の商品情報です。\nこれはダミー商品99の商品情報です。', 2760.00, 1),
(4, 1, 'ダミー商品100', 'これはダミー商品100の商品情報です。これはダミー商品100の商品情報です。\nこれはダミー商品100の商品情報です。', 1730.00, 1);
INSERT INTO stocks (item_id, stock_diff) VALUES
(4, 18),
(4, -2),
(15, 28),
(15, -5),
(16, 23),
(16, -3),
(17, 23),
(17, -4),
(45, 18),
(45, -3),
(45, 9),
(75, 27),
(75, -3),
(88, 21),
(88, -4),
(88, 8),
(92, 25),
(92, -3),
(100, 25),
(100, -1),
(3, 16),
(3, -2),
(3, 5),
(42, 14),
(42, -3),
(70, 18),
(70, -5),
(70, 8),
(80, 12),
(80, -1),
(80, 14),
(91, 10),
(91, -2),
(91, 11),
(31, 22),
(31, -4),
(31, 2),
(77, 26),
(77, -2),
(79, 12),
(79, -2),
(79, 7),
(87, 15),
(87, -4),
(49, 27),
(49, -3),
(49, 15),
(93, 21),
(93, -1),
(93, 12),
(11, 11),
(11, -4),
(11, 8),
(37, 19),
(37, -5),
(60, 10),
(60, -1),
(60, 7),
(67, 18),
(67, -5),
(67, 9),
(71, 21),
(71, -1),
(71, 12),
(73, 22),
(73, -1),
(73, 8),
(98, 23),
(98, -3),
(98, 3),
(6, 25),
(6, -3),
(6, 3),
(14, 23),
(14, -3),
(14, 8),
(20, 15),
(20, -1),
(20, 4),
(24, 19),
(24, -2),
(40, 19),
(40, -5),
(40, 13),
(51, 25),
(51, -2),
(85, 10),
(85, -5),
(85, 9),
(89, 19),
(89, -2),
(94, 26),
(94, -3),
(22, 12),
(22, -5),
(22, 8),
(65, 11),
(65, -5),
(65, 6),
(76, 16),
(76, -1),
(76, 14),
(8, 15),
(8, -4),
(8, 8),
(25, 30),
(25, -3),
(25, 15),
(30, 24),
(30, -2),
(30, 11),
(34, 14),
(34, -5),
(34, 9),
(66, 12),
(66, -1),
(66, 8),
(72, 16),
(72, -5),
(72, 4),
(83, 20),
(83, -3),
(84, 22),
(84, -2),
(84, 6),
(28, 30),
(28, -2),
(28, 3),
(33, 11),
(33, -3),
(39, 19),
(39, -3),
(54, 29),
(54, -2),
(57, 15),
(57, -4),
(61, 27),
(61, -4),
(61, 2),
(62, 29),
(62, -2),
(13, 12),
(13, -3),
(18, 19),
(18, -3),
(18, 12),
(21, 20),
(21, -2),
(21, 9),
(26, 15),
(26, -2),
(47, 10),
(47, -2),
(64, 25),
(64, -4),
(46, 11),
(46, -3),
(56, 17),
(56, -2),
(63, 18),
(63, -3),
(63, 11),
(69, 19),
(69, -3),
(1, 10),
(1, -4),
(1, 8),
(52, 21),
(52, -4),
(74, 11),
(74, -1),
(74, 14),
(99, 30),
(99, -4),
(2, 27),
(2, -3),
(10, 19),
(10, -4),
(10, 1),
(19, 10),
(19, -1),
(19, 15),
(36, 21),
(36, -4),
(38, 27),
(38, -1),
(38, 4),
(68, 13),
(68, -2),
(78, 15),
(78, -1),
(78, 7),
(5, 15),
(5, -1),
(5, 4),
(23, 11),
(23, -1),
(27, 13),
(27, -1),
(29, 18),
(29, -2),
(29, 3),
(44, 14),
(44, -3),
(44, 14),
(55, 15),
(55, -1),
(55, 15),
(90, 27),
(90, -4),
(7, 22),
(7, -3),
(35, 26),
(35, -4),
(43, 29),
(43, -1),
(95, 29),
(95, -2),
(95, 12),
(96, 14),
(96, -5),
(32, 19),
(32, -3),
(81, 25),
(81, -2),
(9, 27),
(9, -5),
(12, 11),
(12, -5),
(41, 28),
(41, -1),
(58, 11),
(58, -5),
(86, 21),
(86, -2),
(86, 14),
(97, 11),
(97, -1),
(97, 14),
(48, 13),
(48, -4),
(48, 14),
(50, 11),
(50, -2),
(53, 21),
(53, -4),
(53, 5),
(59, 19),
(59, -1),
(59, 4),
(82, 13),
(82, -5),
(82, 4);